athlete_id,gender,paceShort,mileShort
gene,M,10:02,26
gene,M,10:32,23
gene,M,11:14,22
gene,M,9:53,21
gene,M,9:53,20
gene,M,10:59,19
gene,M,10:28,18
gene,M,10:24,17
gene,M,10:12,12
gene,M,8:58,11
gene,M,9:13,10
gene,M,9:37,9
gene,M,9:26,8
gene,M,9:00,7
gene,M,10:08,6
gene,M,9:20,5
gene,M,9:07,4
gene,M,9:12,3
gene,M,9:14,2
gene,M,9:18,1
14697517,,11:02,26
14697517,,10:29,23
14697517,,9:31,20
14697517,,10:22,19
14697517,,9:29,18
14697517,,10:28,17
14697517,,10:05,12
14697517,,9:08,11
14697517,,9:12,10
14697517,,8:55,9
14697517,,9:23,8
14697517,,8:47,7
14697517,,10:46,6
14697517,,8:53,5
14697517,,8:46,4
14697517,,9:12,3
14697517,,8:25,2
14697517,,8:55,1
13617926,M,9:48,26
13617926,M,8:47,20
13617926,M,9:29,19
13617926,M,8:44,18
13617926,M,8:41,17
13617926,M,6:55,11
13617926,M,7:09,10
13617926,M,7:05,9
13617926,M,7:02,8
13617926,M,6:31,7
13617926,M,7:52,6
13617926,M,7:01,5
13617926,M,6:55,4
13617926,M,7:02,3
13617926,M,6:35,2
13617926,M,6:31,1
13108640,M,9:47,26
13108640,M,8:38,21
13108640,M,8:34,20
13108640,M,8:59,19
13108640,M,8:39,18
13108640,M,8:57,17
13108640,M,8:52,12
13108640,M,8:21,11
13108640,M,8:15,10
13108640,M,8:32,9
13108640,M,8:37,8
13108640,M,8:25,7
13108640,M,9:18,6
13108640,M,8:56,5
13108640,M,8:49,4
13108640,M,8:38,3
13108640,M,8:25,2
13108640,M,8:40,1
12745525,M,10:43,26
12745525,M,9:10,20
12745525,M,9:37,19
12745525,M,8:57,18
12745525,M,8:34,17
12745525,M,7:40,11
12745525,M,7:44,10
12745525,M,7:52,9
12745525,M,7:56,8
12745525,M,7:53,7
12745525,M,8:39,6
12745525,M,7:52,5
12745525,M,7:47,4
12745525,M,7:52,3
12745525,M,7:23,2
12745525,M,7:29,1
12396707,M,7:50,26
12396707,M,7:49,23
12396707,M,7:44,20
12396707,M,8:04,19
12396707,M,7:45,18
12396707,M,8:14,17
12396707,M,7:25,11
12396707,M,7:38,10
12396707,M,7:46,9
12396707,M,7:38,8
12396707,M,7:48,7
12396707,M,8:26,6
12396707,M,7:50,5
12396707,M,7:35,4
12396707,M,8:05,3
12396707,M,7:59,2
12396707,M,7:50,1
hilary,F,11:39,26
hilary,F,13:15,23
hilary,F,12:26,19
hilary,F,11:20,18
hilary,F,12:00,17
hilary,F,11:31,12
hilary,F,11:05,11
hilary,F,10:51,10
hilary,F,10:11,9
hilary,F,10:45,8
hilary,F,9:58,7
hilary,F,12:54,6
hilary,F,9:55,5
hilary,F,9:55,4
hilary,F,11:36,3
hilary,F,10:12,2
hilary,F,9:54,1
11478860,M,8:43,26
11478860,M,8:08,21
11478860,M,7:54,20
11478860,M,8:17,19
11478860,M,8:16,18
11478860,M,8:28,17
11478860,M,8:00,12
11478860,M,7:27,11
11478860,M,7:23,10
11478860,M,7:34,9
11478860,M,7:34,8
11478860,M,7:35,7
11478860,M,8:31,6
11478860,M,7:36,5
11478860,M,7:38,4
11478860,M,7:49,3
11478860,M,7:41,2
11478860,M,7:44,1
Lauren Elkins,F,11:54,26
Lauren Elkins,F,11:37,23
Lauren Elkins,F,11:11,20
Lauren Elkins,F,11:22,19
Lauren Elkins,F,11:05,18
Lauren Elkins,F,11:37,17
Lauren Elkins,F,12:08,12
Lauren Elkins,F,11:12,11
Lauren Elkins,F,11:28,10
Lauren Elkins,F,11:11,9
Lauren Elkins,F,10:43,8
Lauren Elkins,F,10:53,7
Lauren Elkins,F,12:20,6
Lauren Elkins,F,10:53,5
Lauren Elkins,F,10:23,4
Lauren Elkins,F,10:50,3
Lauren Elkins,F,10:00,2
Lauren Elkins,F,9:48,1
11042416,M,11:37,26
11042416,M,10:10,21
11042416,M,10:00,20
11042416,M,10:13,19
11042416,M,9:49,18
11042416,M,9:59,17
11042416,M,9:40,12
11042416,M,9:06,11
11042416,M,9:55,10
11042416,M,10:05,9
11042416,M,9:54,8
11042416,M,9:54,7
11042416,M,10:54,6
11042416,M,9:30,5
11042416,M,9:50,4
11042416,M,10:08,3
11042416,M,10:19,2
11042416,M,10:50,1
greg,M,10:34,26
greg,M,11:26,23
greg,M,10:43,22
greg,M,10:16,21
greg,M,9:29,20
greg,M,10:17,19
greg,M,10:11,18
greg,M,10:36,17
greg,M,8:28,11
greg,M,8:49,10
greg,M,8:49,9
greg,M,8:44,8
greg,M,8:33,7
greg,M,9:15,6
greg,M,8:27,5
greg,M,8:30,4
greg,M,8:29,3
greg,M,8:37,2
greg,M,8:50,1
10934840,M,9:29,26
10934840,M,9:25,19
10934840,M,9:05,18
10934840,M,9:28,17
10934840,M,8:00,11
10934840,M,8:52,10
10934840,M,9:16,9
10934840,M,8:43,8
10934840,M,9:58,7
10934840,M,9:58,6
10934840,M,8:56,5
10934840,M,9:13,4
10934840,M,9:10,3
10934840,M,9:05,2
10934840,M,9:23,1
10909581,F,11:31,26
10909581,F,11:17,23
10909581,F,9:49,20
10909581,F,11:01,19
10909581,F,11:10,18
10909581,F,11:11,17
10909581,F,10:08,12
10909581,F,9:07,11
10909581,F,9:59,10
10909581,F,9:38,9
10909581,F,9:10,8
10909581,F,9:38,7
10909581,F,10:35,6
10909581,F,9:19,5
10909581,F,9:17,4
10909581,F,9:25,3
10909581,F,8:49,2
10909581,F,8:52,1
10814962,,13:16,26
10814962,,11:58,23
10814962,,11:53,19
10814962,,10:50,18
10814962,,11:23,17
10814962,,9:41,11
10814962,,10:43,10
10814962,,10:02,9
10814962,,10:01,8
10814962,,9:56,7
10814962,,11:11,6
10814962,,9:56,5
10814962,,9:43,4
10814962,,9:54,3
10814962,,9:55,2
10814962,,9:58,1
10668777,M,7:42,26
10668777,M,7:28,23
10668777,M,7:36,20
10668777,M,8:03,19
10668777,M,7:42,18
10668777,M,8:08,17
10668777,M,8:23,12
10668777,M,7:55,11
10668777,M,8:23,10
10668777,M,8:23,9
10668777,M,8:08,8
10668777,M,8:19,7
10668777,M,8:22,6
10668777,M,8:50,5
10668777,M,8:22,4
10668777,M,8:50,3
10668777,M,8:34,2
10668777,M,9:07,1
10424935,M,5:34,26
10424935,M,5:36,23
10424935,M,5:38,20
10424935,M,5:49,19
10424935,M,5:40,18
10424935,M,5:52,17
10424935,M,5:38,11
10424935,M,5:41,10
10424935,M,5:53,9
10424935,M,5:34,8
10424935,M,5:59,7
10424935,M,6:30,6
10424935,M,6:00,5
10424935,M,5:53,4
10424935,M,6:02,3
10424935,M,5:47,2
10424935,M,5:43,1
10411157,,9:17,26
10411157,,9:05,23
10411157,,9:10,22
10411157,,9:21,19
10411157,,9:01,18
10411157,,9:29,17
10411157,,9:29,12
10411157,,8:38,11
10411157,,8:53,10
10411157,,8:55,9
10411157,,8:59,8
10411157,,8:52,7
10411157,,9:43,6
10411157,,8:50,5
10411157,,8:49,4
10411157,,9:14,3
10411157,,8:59,2
10411157,,8:48,1
10252005,M,8:22,26
10252005,M,7:43,21
10252005,M,7:29,20
10252005,M,8:23,19
10252005,M,8:16,18
10252005,M,8:28,17
10252005,M,8:18,12
10252005,M,7:09,11
10252005,M,7:50,10
10252005,M,8:09,9
10252005,M,7:57,8
10252005,M,8:14,7
10252005,M,9:14,6
10252005,M,8:14,5
10252005,M,8:08,4
10252005,M,8:11,3
10252005,M,8:07,2
10252005,M,8:08,1
10138591,,9:20,26
10138591,,8:06,20
10138591,,8:15,19
10138591,,8:07,18
10138591,,8:07,17
10138591,,8:23,12
10138591,,7:41,11
10138591,,7:44,10
10138591,,8:00,9
10138591,,7:46,8
10138591,,8:05,7
10138591,,8:39,6
10138591,,8:07,5
10138591,,7:02,4
10138591,,7:50,3
10138591,,6:52,2
9993226,,10:47,26
9993226,,11:04,23
9993226,,11:01,22
9993226,,11:24,21
9993226,,10:32,20
9993226,,10:08,19
9993226,,9:25,18
9993226,,9:29,17
9993226,,9:31,12
9993226,,9:20,11
9993226,,9:08,10
9993226,,9:16,9
9993226,,9:08,8
9993226,,9:12,7
9993226,,9:22,6
9993226,,9:22,5
9993226,,9:23,4
9993226,,9:30,3
9993226,,9:14,2
9993226,,8:49,1
9949049,M,8:03,26
9949049,M,8:23,21
9949049,M,8:12,20
9949049,M,8:20,19
9949049,M,8:27,18
9949049,M,8:40,17
9949049,M,8:23,11
9949049,M,8:55,10
9949049,M,8:44,9
9949049,M,8:32,8
9949049,M,8:22,7
9949049,M,8:42,6
9949049,M,8:25,5
9949049,M,7:59,4
9949049,M,7:55,3
9949049,M,7:56,2
9949049,M,7:35,1
9694315,F,13:32,26
9694315,F,12:53,23
9694315,F,13:07,22
9694315,F,13:10,21
9694315,F,13:14,20
9694315,F,13:53,19
9694315,F,12:56,18
9694315,F,13:16,17
9694315,F,13:05,12
9694315,F,12:24,11
9694315,F,12:38,10
9694315,F,12:46,9
9694315,F,12:49,8
9694315,F,12:38,7
9694315,F,13:51,6
9694315,F,13:02,5
9694315,F,12:45,4
9694315,F,13:32,3
9694315,F,12:49,2
9643899,M,12:12,26
9643899,M,11:16,23
9643899,M,11:13,22
9643899,M,11:50,19
9643899,M,11:13,18
9643899,M,12:06,17
9643899,M,10:46,11
9643899,M,10:41,10
9643899,M,10:51,9
9643899,M,10:28,8
9643899,M,9:59,7
9643899,M,12:17,6
9643899,M,10:26,5
9643899,M,9:59,4
9643899,M,9:59,3
9643899,M,9:31,2
9643899,M,9:37,1
9591544,F,7:31,26
9591544,F,7:44,21
9591544,F,7:41,20
9591544,F,8:14,19
9591544,F,7:48,18
9591544,F,8:13,17
9591544,F,8:00,12
9591544,F,7:00,11
9591544,F,7:22,10
9591544,F,7:23,9
9591544,F,7:06,8
9591544,F,7:01,7
9591544,F,8:14,6
9591544,F,7:09,5
9591544,F,7:05,4
9591544,F,7:18,3
9591544,F,7:02,2
9591544,F,6:55,1
9554575,M,11:26,26
9554575,M,12:07,19
9554575,M,12:20,18
9554575,M,11:29,17
9554575,M,9:23,11
9554575,M,9:07,10
9554575,M,9:10,9
9554575,M,9:52,8
9554575,M,9:24,7
9554575,M,9:58,6
9554575,M,9:28,5
9554575,M,9:16,4
9554575,M,8:50,3
9554575,M,8:41,2
9554575,M,8:45,1
9552222,M,12:38,26
9552222,M,13:49,23
9552222,M,11:46,20
9552222,M,11:15,19
9552222,M,11:00,18
9552222,M,10:17,17
9552222,M,8:23,11
9552222,M,8:43,10
9552222,M,8:58,9
9552222,M,8:42,8
9552222,M,8:35,7
9552222,M,9:42,6
9552222,M,8:34,5
9552222,M,8:35,4
9552222,M,8:42,3
9552222,M,8:36,2
9552222,M,8:17,1
9345818,M,7:43,19
9345818,M,7:38,18
9345818,M,7:52,12
9345818,M,7:35,11
9345818,M,7:35,10
9345818,M,7:34,9
9345818,M,7:20,8
9345818,M,7:38,7
9345818,M,8:13,6
9345818,M,7:42,5
9345818,M,7:36,4
9345818,M,7:41,3
9345818,M,7:26,2
9345818,M,7:40,1
9154229,M,9:16,26
9154229,M,8:11,21
9154229,M,8:35,20
9154229,M,8:59,19
9154229,M,8:47,18
9154229,M,8:56,17
9154229,M,7:19,11
9154229,M,7:58,10
9154229,M,8:04,9
9154229,M,7:48,8
9154229,M,7:58,7
9154229,M,8:58,6
9154229,M,7:53,5
9154229,M,7:52,4
9154229,M,7:43,3
9154229,M,7:46,2
9154229,M,8:16,1
9129325,F,14:01,26
9129325,F,12:18,23
9129325,F,11:12,20
9129325,F,14:02,19
9129325,F,11:22,18
9129325,F,12:16,17
9129325,F,13:00,12
9129325,F,11:43,11
9129325,F,11:59,10
9129325,F,11:27,9
9129325,F,11:20,8
9129325,F,11:28,7
9129325,F,13:54,6
9129325,F,11:09,5
9129325,F,11:00,4
9129325,F,11:47,3
9129325,F,10:56,2
9129325,F,11:02,1
8959792,M,9:17,26
8959792,M,9:52,23
8959792,M,9:17,20
8959792,M,10:28,19
8959792,M,8:29,18
8959792,M,8:50,17
8959792,M,7:34,11
8959792,M,7:20,10
8959792,M,7:26,9
8959792,M,7:42,8
8959792,M,7:43,7
8959792,M,8:38,6
8959792,M,7:32,5
8959792,M,7:49,4
8959792,M,7:31,3
8959792,M,7:04,2
8959792,M,7:09,1
8956789,F,8:58,26
8956789,F,9:19,23
8956789,F,8:58,22
8956789,F,8:32,21
8956789,F,8:31,20
8956789,F,8:59,19
8956789,F,8:23,18
8956789,F,8:38,17
8956789,F,7:46,11
8956789,F,8:03,10
8956789,F,8:10,9
8956789,F,8:00,8
8956789,F,8:17,7
8956789,F,8:50,6
8956789,F,8:22,5
8956789,F,8:14,4
8956789,F,8:25,3
8956789,F,8:08,2
8956789,F,8:38,1
8846227,M,17:22,26
8846227,M,15:45,19
8846227,M,14:11,18
8846227,M,13:25,17
8846227,M,10:24,11
8846227,M,10:53,10
8846227,M,10:34,9
8846227,M,10:13,8
8846227,M,10:16,7
8846227,M,11:53,6
8846227,M,10:51,5
8846227,M,10:54,4
8846227,M,10:40,3
8846227,M,10:35,2
8846227,M,10:31,1
8816308,M,10:20,26
8816308,M,10:01,23
8816308,M,9:57,22
8816308,M,9:32,21
8816308,M,9:11,20
8816308,M,9:16,19
8816308,M,8:40,18
8816308,M,9:05,17
8816308,M,8:05,11
8816308,M,8:19,10
8816308,M,8:26,9
8816308,M,8:24,8
8816308,M,8:22,7
8816308,M,9:02,6
8816308,M,7:56,5
8816308,M,7:57,4
8816308,M,8:11,3
8816308,M,8:06,2
8816308,M,8:49,1
8780958,,9:23,26
8780958,,9:08,20
8780958,,9:19,19
8780958,,8:36,18
8780958,,8:52,17
8780958,,8:42,12
8780958,,7:58,11
8780958,,7:56,10
8780958,,8:04,9
8780958,,8:01,8
8780958,,8:11,7
8780958,,9:08,6
8780958,,8:08,5
8780958,,7:56,4
8780958,,8:25,3
8780958,,8:05,2
8780958,,7:17,1
8677128,M,7:24,11
8677128,M,8:24,9
8677128,M,8:19,7
8677128,M,9:02,6
8601731,M,14:23,26
8601731,M,14:54,19
8601731,M,12:46,18
8601731,M,12:31,17
8601731,M,9:19,11
8601731,M,9:25,10
8601731,M,9:41,9
8601731,M,9:29,8
8601731,M,9:31,7
8601731,M,10:17,6
8601731,M,9:19,5
8601731,M,9:15,4
8601731,M,9:13,3
8601731,M,9:02,2
8601731,M,9:22,1
8600425,M,8:31,26
8600425,M,7:58,20
8600425,M,8:08,19
8600425,M,7:37,18
8600425,M,7:56,17
8600425,M,8:03,12
8600425,M,7:32,11
8600425,M,7:49,10
8600425,M,8:02,9
8600425,M,7:54,8
8600425,M,8:10,7
8600425,M,8:31,6
8600425,M,8:05,5
8600425,M,7:50,4
8600425,M,8:01,3
8600425,M,7:54,2
8600425,M,8:19,1
8587945,F,9:26,26
8587945,F,9:28,23
8587945,F,8:55,22
8587945,F,8:55,21
8587945,F,8:44,20
8587945,F,8:57,19
8587945,F,9:01,18
8587945,F,9:05,17
8587945,F,8:28,11
8587945,F,8:50,10
8587945,F,8:49,9
8587945,F,8:43,7
8587945,F,9:33,6
8587945,F,8:44,5
8587945,F,8:21,4
8587945,F,8:19,3
8587945,F,7:59,2
8587945,F,7:49,1
8427211,M,8:20,26
8427211,M,7:29,23
8427211,M,6:23,20
8427211,M,8:40,19
8427211,M,6:14,18
8427211,M,6:34,17
8427211,M,5:59,11
8427211,M,6:07,10
8427211,M,6:14,9
8427211,M,5:54,8
8427211,M,6:16,7
8427211,M,6:42,6
8427211,M,5:59,5
8427211,M,6:00,4
8427211,M,6:02,3
8427211,M,6:04,2
8427211,M,6:08,1
8375454,M,7:25,26
8375454,M,7:25,23
8375454,M,7:11,20
8375454,M,7:29,19
8375454,M,7:19,18
8375454,M,7:36,17
8375454,M,7:07,11
8375454,M,7:21,10
8375454,M,7:29,9
8375454,M,7:29,8
8375454,M,7:47,7
8375454,M,8:19,6
8375454,M,7:35,5
8375454,M,7:38,4
8375454,M,7:37,3
8375454,M,7:28,2
8375454,M,7:48,1
8318375,M,11:17,26
8318375,M,9:40,20
8318375,M,10:28,19
8318375,M,9:49,18
8318375,M,10:02,17
8318375,M,10:01,12
8318375,M,9:40,11
8318375,M,9:59,10
8318375,M,10:34,9
8318375,M,9:49,8
8318375,M,9:46,7
8318375,M,11:08,6
8318375,M,9:41,5
8318375,M,9:22,4
8318375,M,10:01,3
8318375,M,9:39,2
8318375,M,9:44,1
8283560,,9:25,26
8283560,,10:14,23
8283560,,9:25,22
8283560,,8:50,21
8283560,,8:59,20
8283560,,9:59,19
8283560,,9:02,18
8283560,,9:50,17
8283560,,9:07,12
8283560,,8:13,11
8283560,,8:34,10
8283560,,8:39,9
8283560,,8:31,8
8283560,,8:37,7
8283560,,9:37,6
8283560,,8:42,5
8283560,,8:21,4
8283560,,8:53,3
8283560,,8:07,2
8283560,,8:40,1
8178235,M,11:36,26
8178235,M,11:32,23
8178235,M,11:58,22
8178235,M,11:42,21
8178235,M,11:40,20
8178235,M,11:44,19
8178235,M,12:40,18
8178235,M,11:38,17
8178235,M,10:33,12
8178235,M,9:31,11
8178235,M,9:49,10
8178235,M,9:40,9
8178235,M,9:38,8
8178235,M,9:15,7
8178235,M,10:19,6
8178235,M,9:07,5
8178235,M,8:42,4
8178235,M,9:00,3
8178235,M,8:25,2
8178235,M,8:38,1
8135101,M,8:34,26
8135101,M,8:00,23
8135101,M,7:39,20
8135101,M,7:56,19
8135101,M,7:40,18
8135101,M,7:58,17
8135101,M,7:32,11
8135101,M,7:33,10
8135101,M,7:30,9
8135101,M,7:27,8
8135101,M,7:47,7
8135101,M,8:26,6
8135101,M,7:38,5
8135101,M,7:44,4
8135101,M,7:49,3
8135101,M,7:50,2
8135101,M,8:11,1
8113271,M,8:47,26
8113271,M,8:19,23
8113271,M,9:33,22
8113271,M,9:40,21
8113271,M,8:31,20
8113271,M,8:11,19
8113271,M,7:31,18
8113271,M,7:52,17
8113271,M,7:42,12
8113271,M,7:29,11
8113271,M,7:40,10
8113271,M,7:39,9
8113271,M,7:38,8
8113271,M,7:52,7
8113271,M,8:15,6
8113271,M,8:00,5
8113271,M,7:57,4
8113271,M,7:55,3
8113271,M,7:57,2
8113271,M,7:53,1
7971658,F,9:53,26
7971658,F,11:18,23
7971658,F,11:11,22
7971658,F,10:31,21
7971658,F,9:59,20
7971658,F,10:04,19
7971658,F,9:23,18
7971658,F,9:28,17
7971658,F,9:43,12
7971658,F,8:53,11
7971658,F,9:18,10
7971658,F,9:52,9
7971658,F,9:55,8
7971658,F,10:16,7
7971658,F,10:40,6
7971658,F,9:23,5
7971658,F,9:17,4
7971658,F,9:49,3
7971658,F,9:51,2
7971658,F,9:53,1
7895669,M,9:55,26
7895669,M,9:28,23
7895669,M,8:31,20
7895669,M,9:14,19
7895669,M,8:41,18
7895669,M,8:48,17
7895669,M,8:23,12
7895669,M,7:46,11
7895669,M,8:14,10
7895669,M,8:20,9
7895669,M,7:55,8
7895669,M,8:02,7
7895669,M,8:51,6
7895669,M,8:16,5
7895669,M,8:04,4
7895669,M,8:15,3
7895669,M,8:06,2
7895669,M,8:31,1
7843810,M,9:13,26
7843810,M,8:05,20
7843810,M,8:17,19
7843810,M,8:10,18
7843810,M,8:35,17
7843810,M,8:07,12
7843810,M,7:31,11
7843810,M,7:39,10
7843810,M,7:52,9
7843810,M,7:45,8
7843810,M,7:52,7
7843810,M,8:16,6
7843810,M,7:58,5
7843810,M,7:57,4
7843810,M,8:04,3
7843810,M,7:55,2
7843810,M,7:41,1
7837890,F,12:26,26
7837890,F,11:45,23
7837890,F,11:35,22
7837890,F,10:56,21
7837890,F,10:25,20
7837890,F,11:25,19
7837890,F,10:30,18
7837890,F,11:35,17
7837890,F,9:22,11
7837890,F,10:28,10
7837890,F,9:49,9
7837890,F,10:08,8
7837890,F,9:28,7
7837890,F,12:00,6
7837890,F,9:29,5
7837890,F,9:14,4
7837890,F,10:10,3
7837890,F,8:53,2
7837890,F,8:43,1
7740313,M,9:41,26
7740313,M,7:19,20
7740313,M,7:53,19
7740313,M,7:44,18
7740313,M,8:10,17
7740313,M,7:10,11
7740313,M,7:28,10
7740313,M,7:44,9
7740313,M,7:35,8
7740313,M,7:38,7
7740313,M,8:49,6
7740313,M,7:38,5
7740313,M,7:32,4
7740313,M,7:35,3
7740313,M,7:25,2
7740313,M,7:31,1
7725020,M,10:04,26
7725020,M,10:29,23
7725020,M,12:19,20
7725020,M,11:25,19
7725020,M,11:44,18
7725020,M,11:05,17
7725020,M,9:11,11
7725020,M,9:04,10
7725020,M,9:09,9
7725020,M,9:41,8
7725020,M,9:40,7
7725020,M,10:46,6
7725020,M,9:37,5
7725020,M,9:17,4
7725020,M,9:16,3
7725020,M,8:55,2
7725020,M,9:07,1
7723322,M,9:44,26
7723322,M,9:04,23
7723322,M,8:45,22
7723322,M,8:31,21
7723322,M,8:27,20
7723322,M,8:43,19
7723322,M,8:15,18
7723322,M,8:25,17
7723322,M,7:38,11
7723322,M,8:08,10
7723322,M,8:22,9
7723322,M,8:22,7
7723322,M,8:53,6
7723322,M,8:08,5
7723322,M,8:01,4
7723322,M,8:04,3
7723322,M,8:15,2
7723322,M,8:00,1
7706179,,11:17,26
7706179,,11:24,21
7706179,,10:45,20
7706179,,11:22,19
7706179,,11:14,18
7706179,,11:35,17
7706179,,10:20,11
7706179,,10:52,10
7706179,,10:42,9
7706179,,10:47,8
7706179,,10:31,7
7706179,,11:36,6
7706179,,10:21,5
7706179,,10:29,4
7706179,,10:53,3
7706179,,10:59,2
7706179,,11:22,1
7700689,,9:58,26
7700689,,10:46,20
7700689,,11:46,19
7700689,,11:31,18
7700689,,11:00,17
7700689,,10:05,11
7700689,,10:54,10
7700689,,10:37,9
7700689,,10:17,8
7700689,,10:12,7
7700689,,11:56,6
7700689,,9:58,5
7700689,,10:29,4
7700689,,10:27,3
7700689,,9:54,2
7700689,,10:07,1
7676267,M,10:14,26
7676267,M,8:58,20
7676267,M,9:13,19
7676267,M,8:54,18
7676267,M,9:22,17
7676267,M,8:34,11
7676267,M,9:10,10
7676267,M,9:07,9
7676267,M,8:58,8
7676267,M,8:58,7
7676267,M,10:01,6
7676267,M,8:58,5
7676267,M,8:50,4
7676267,M,9:07,3
7676267,M,8:32,2
7676267,M,8:39,1
7658410,M,13:02,23
7658410,M,12:17,22
7658410,M,11:57,17
7658410,M,9:52,12
7658410,M,8:32,11
7658410,M,8:55,10
7658410,M,9:25,9
7658410,M,9:13,8
7658410,M,9:09,7
7658410,M,9:23,6
7658410,M,8:50,5
7658410,M,8:44,4
7658410,M,8:51,3
7658410,M,8:39,2
7658410,M,8:49,1
7611019,M,15:06,26
7611019,M,14:40,23
7611019,M,14:26,22
7611019,M,13:37,21
7611019,M,13:57,20
7611019,M,14:14,19
7611019,M,13:20,18
7611019,M,13:43,17
7611019,M,11:43,11
7611019,M,12:02,10
7611019,M,11:48,9
7611019,M,11:33,8
7611019,M,11:55,7
7611019,M,13:02,6
7611019,M,11:49,5
7611019,M,11:35,4
7611019,M,11:49,3
7611019,M,11:21,2
7611019,M,11:29,1
7545875,M,11:29,26
7545875,M,10:55,21
7545875,M,10:35,20
7545875,M,10:31,19
7545875,M,10:05,18
7545875,M,11:34,17
7545875,M,9:47,12
7545875,M,9:10,11
7545875,M,9:38,10
7545875,M,9:40,9
7545875,M,9:42,8
7545875,M,9:28,7
7545875,M,10:22,6
7545875,M,9:25,5
7545875,M,9:18,4
7545875,M,9:38,3
7545875,M,9:19,2
7545875,M,9:22,1
7539068,M,9:22,26
7539068,M,8:37,21
7539068,M,9:08,20
7539068,M,8:46,19
7539068,M,7:53,18
7539068,M,8:22,17
7539068,M,7:13,11
7539068,M,7:43,10
7539068,M,7:33,9
7539068,M,7:46,8
7539068,M,7:50,7
7539068,M,9:20,6
7539068,M,7:45,5
7539068,M,7:20,4
7539068,M,7:44,3
7539068,M,7:28,2
7539068,M,8:20,1
7493381,F,7:49,26
7493381,F,8:06,21
7493381,F,8:37,20
7493381,F,9:01,19
7493381,F,8:53,18
7493381,F,9:01,17
7493381,F,8:49,11
7493381,F,8:49,10
7493381,F,8:40,9
7493381,F,8:44,8
7493381,F,8:50,7
7493381,F,9:45,6
7493381,F,9:01,5
7493381,F,9:01,4
7493381,F,9:27,3
7493381,F,9:10,2
7493381,F,9:05,1
7348280,M,9:41,23
7348280,M,10:05,21
7348280,M,9:55,19
7348280,M,9:43,18
7348280,M,9:41,17
7348280,M,10:04,12
7348280,M,9:18,11
7348280,M,9:13,10
7348280,M,9:15,9
7348280,M,9:29,8
7348280,M,9:10,7
7348280,M,10:08,6
7348280,M,9:10,5
7348280,M,9:14,4
7348280,M,9:49,3
7348280,M,9:24,2
7348280,M,9:34,1
7343319,M,11:57,26
7343319,M,9:44,21
7343319,M,10:04,20
7343319,M,11:09,19
7343319,M,9:35,18
7343319,M,10:09,17
7343319,M,9:44,11
7343319,M,9:49,10
7343319,M,10:12,9
7343319,M,10:07,8
7343319,M,10:10,7
7343319,M,10:52,6
7343319,M,9:40,5
7343319,M,9:15,4
7343319,M,10:01,3
7343319,M,9:11,2
7343319,M,10:04,1
7257580,M,10:59,26
7257580,M,9:45,23
7257580,M,9:28,22
7257580,M,9:09,21
7257580,M,9:17,20
7257580,M,9:43,19
7257580,M,8:33,18
7257580,M,8:25,17
7257580,M,8:40,12
7257580,M,8:12,11
7257580,M,8:21,10
7257580,M,8:27,9
7257580,M,8:31,8
7257580,M,8:39,7
7257580,M,9:28,6
7257580,M,8:34,5
7257580,M,8:22,4
7257580,M,8:53,3
7257580,M,8:15,2
7257580,M,8:46,1
7237247,M,12:16,26
7237247,M,11:40,23
7237247,M,11:17,22
7237247,M,11:52,21
7237247,M,10:50,20
7237247,M,10:46,19
7237247,M,12:02,18
7237247,M,10:32,17
7237247,M,9:10,11
7237247,M,9:44,10
7237247,M,9:58,9
7237247,M,9:49,8
7237247,M,9:58,7
7237247,M,10:50,6
7237247,M,9:16,5
7237247,M,8:49,4
7237247,M,9:32,3
7237247,M,8:15,2
7237247,M,7:01,1
7180684,M,11:45,26
7180684,M,10:54,20
7180684,M,11:37,19
7180684,M,11:00,18
7180684,M,11:22,17
7180684,M,11:30,12
7180684,M,10:40,11
7180684,M,10:41,10
7180684,M,10:46,9
7180684,M,10:50,8
7180684,M,10:50,7
7180684,M,12:21,6
7180684,M,11:08,5
7180684,M,10:59,4
7180684,M,11:08,3
7180684,M,10:41,2
7180684,M,10:53,1
7158905,F,11:02,26
7158905,F,9:20,20
7158905,F,9:59,19
7158905,F,9:46,18
7158905,F,9:05,17
7158905,F,7:50,11
7158905,F,8:06,10
7158905,F,8:04,9
7158905,F,7:50,8
7158905,F,8:19,7
7158905,F,8:43,6
7158905,F,8:10,5
7158905,F,8:01,4
7158905,F,8:12,3
7158905,F,8:23,2
7158905,F,8:41,1
7152789,F,9:29,26
7152789,F,9:32,23
7152789,F,9:13,22
7152789,F,8:53,21
7152789,F,8:22,20
7152789,F,8:38,19
7152789,F,8:09,18
7152789,F,8:31,17
7152789,F,8:46,12
7152789,F,8:09,11
7152789,F,8:31,10
7152789,F,8:29,9
7152789,F,8:32,8
7152789,F,8:35,7
7152789,F,9:35,6
7152789,F,8:35,5
7152789,F,8:21,4
7152789,F,8:53,3
7152789,F,8:11,2
7152789,F,8:40,1
7152029,M,12:08,26
7152029,M,13:18,21
7152029,M,11:12,20
7152029,M,10:25,19
7152029,M,11:57,18
7152029,M,11:47,17
7152029,M,9:33,11
7152029,M,8:55,10
7152029,M,9:04,9
7152029,M,9:16,8
7152029,M,8:59,7
7152029,M,9:46,6
7152029,M,9:45,5
7152029,M,9:25,4
7152029,M,9:52,3
7152029,M,9:23,2
7152029,M,9:52,1
7145246,M,11:09,26
7145246,M,9:25,21
7145246,M,9:34,20
7145246,M,10:27,19
7145246,M,9:31,18
7145246,M,9:39,17
7145246,M,7:53,11
7145246,M,8:21,10
7145246,M,8:19,9
7145246,M,8:14,8
7145246,M,8:12,7
7145246,M,8:35,6
7145246,M,8:11,5
7145246,M,8:02,4
7145246,M,8:17,3
7050407,M,14:40,26
7050407,M,9:30,19
7050407,M,9:55,18
7050407,M,9:54,17
7050407,M,9:31,11
7050407,M,9:14,10
7050407,M,9:27,9
7050407,M,9:34,8
7050407,M,9:32,7
7050407,M,10:36,6
7050407,M,9:26,5
7050407,M,9:05,4
7050407,M,9:28,3
7050407,M,9:09,2
7050407,M,9:28,1
7030046,M,9:01,26
7030046,M,8:01,20
7030046,M,8:20,19
7030046,M,7:49,18
7030046,M,8:04,17
7030046,M,7:29,11
7030046,M,7:41,10
7030046,M,7:46,9
7030046,M,7:43,8
7030046,M,7:58,7
7030046,M,8:31,6
7030046,M,7:56,5
7030046,M,7:51,4
7030046,M,7:58,3
7030046,M,7:40,2
7030046,M,7:58,1
6995428,M,8:51,26
6995428,M,8:34,23
6995428,M,9:02,22
6995428,M,8:46,21
6995428,M,8:25,20
6995428,M,8:17,19
6995428,M,8:01,18
6995428,M,9:13,17
6995428,M,8:16,12
6995428,M,7:46,11
6995428,M,7:57,10
6995428,M,7:56,9
6995428,M,7:55,8
6995428,M,8:02,7
6995428,M,8:50,6
6995428,M,7:41,5
6995428,M,7:44,4
6995428,M,8:14,3
6995428,M,7:35,2
6995428,M,8:24,1
6974539,M,10:50,26
6974539,M,8:26,20
6974539,M,8:26,19
6974539,M,8:08,18
6974539,M,8:20,17
6974539,M,8:08,12
6974539,M,7:30,11
6974539,M,7:37,10
6974539,M,7:33,9
6974539,M,7:19,8
6974539,M,7:32,7
6974539,M,8:10,6
6974539,M,7:33,5
6974539,M,7:22,4
6974539,M,7:30,3
6974539,M,7:25,2
6974539,M,7:22,1
6963521,M,6:49,26
6963521,M,6:41,23
6963521,M,6:40,20
6963521,M,6:52,19
6963521,M,6:41,18
6963521,M,7:01,17
6963521,M,6:39,11
6963521,M,6:55,10
6963521,M,7:02,9
6963521,M,6:52,8
6963521,M,6:54,7
6963521,M,7:35,6
6963521,M,7:07,5
6963521,M,7:01,4
6963521,M,6:58,3
6963521,M,7:10,2
6963521,M,7:06,1
6895515,M,14:38,26
6895515,M,13:02,23
6895515,M,14:18,19
6895515,M,11:16,18
6895515,M,9:34,17
6895515,M,8:56,12
6895515,M,8:22,11
6895515,M,8:44,10
6895515,M,8:47,9
6895515,M,8:26,8
6895515,M,8:39,7
6895515,M,9:17,6
6895515,M,8:40,5
6895515,M,8:38,4
6895515,M,8:44,3
6895515,M,8:49,2
6895515,M,8:53,1
6859762,M,7:41,26
6859762,M,7:12,20
6859762,M,7:32,19
6859762,M,7:08,18
6859762,M,7:40,17
6859762,M,6:50,11
6859762,M,6:53,10
6859762,M,6:57,9
6859762,M,6:41,8
6859762,M,6:56,7
6859762,M,7:37,6
6859762,M,6:58,5
6859762,M,6:55,4
6859762,M,6:45,3
6816991,M,8:58,26
6816991,M,8:31,23
6816991,M,9:04,22
6816991,M,8:35,21
6816991,M,8:15,20
6816991,M,8:41,19
6816991,M,8:08,18
6816991,M,8:36,17
6816991,M,7:28,11
6816991,M,7:52,10
6816991,M,8:03,9
6816991,M,7:59,8
6816991,M,8:02,7
6816991,M,8:54,6
6816991,M,8:05,5
6816991,M,7:59,4
6816991,M,8:07,3
6816991,M,7:55,2
6816991,M,7:59,1
6809856,M,8:53,26
6809856,M,8:30,23
6809856,M,8:43,20
6809856,M,9:22,19
6809856,M,9:11,18
6809856,M,9:33,17
6809856,M,8:16,11
6809856,M,8:49,10
6809856,M,8:52,9
6809856,M,8:56,8
6809856,M,8:53,7
6809856,M,10:22,6
6809856,M,9:14,5
6809856,M,9:17,4
6809856,M,9:39,3
6809856,M,8:55,2
6809856,M,9:09,1
6797224,F,11:13,26
6797224,F,11:33,23
6797224,F,11:52,20
6797224,F,12:22,19
6797224,F,12:26,18
6797224,F,11:49,17
6797224,F,11:58,12
6797224,F,11:16,11
6797224,F,11:51,10
6797224,F,12:26,9
6797224,F,12:22,8
6797224,F,10:59,7
6797224,F,13:20,6
6797224,F,11:08,5
6797224,F,11:11,4
6797224,F,10:13,3
6797224,F,9:38,2
6797224,F,8:32,1
6745915,,11:18,26
6745915,,11:08,21
6745915,,10:27,19
6745915,,9:47,18
6745915,,10:16,17
6745915,,8:35,11
6745915,,8:35,10
6745915,,9:01,9
6745915,,8:52,8
6745915,,8:41,7
6745915,,9:53,6
6745915,,8:44,5
6745915,,8:41,4
6745915,,9:01,3
6745915,,8:43,2
6745915,,8:40,1
6566065,M,11:50,26
6566065,M,10:23,23
6566065,M,11:25,19
6566065,M,10:04,18
6566065,M,10:14,17
6566065,M,10:13,12
6566065,M,9:45,11
6566065,M,9:55,10
6566065,M,9:40,9
6566065,M,9:52,8
6566065,M,9:25,7
6566065,M,10:38,6
6566065,M,10:13,5
6566065,M,9:27,4
6566065,M,10:21,3
6566065,M,9:31,2
6566065,M,9:47,1
6411338,M,8:46,26
6411338,M,9:28,23
6411338,M,9:36,20
6411338,M,9:53,19
6411338,M,10:10,18
6411338,M,10:42,17
6411338,M,9:53,11
6411338,M,9:49,10
6411338,M,9:53,9
6411338,M,9:48,8
6411338,M,10:08,7
6411338,M,10:53,6
6411338,M,9:44,5
6411338,M,9:44,4
6411338,M,9:56,3
6411338,M,9:19,2
6411338,M,9:56,1
6401370,M,7:17,9
6401370,M,7:13,7
6401370,M,7:04,5
6401370,M,6:55,4
6401370,M,7:13,3
6401370,M,6:55,2
6401370,M,6:42,1
6354091,F,8:19,26
6354091,F,8:45,23
6354091,F,8:41,22
6354091,F,8:49,21
6354091,F,8:37,20
6354091,F,8:58,19
6354091,F,8:32,18
6354091,F,8:58,17
6354091,F,8:29,12
6354091,F,7:58,11
6354091,F,8:05,10
6354091,F,8:19,9
6354091,F,8:29,8
6354091,F,8:01,7
6354091,F,9:08,6
6354091,F,8:14,5
6354091,F,8:01,4
6354091,F,7:57,3
6354091,F,7:35,2
6354091,F,7:14,1
6274314,M,7:46,26
6274314,M,7:10,21
6274314,M,7:17,20
6274314,M,7:11,19
6274314,M,7:11,18
6274314,M,7:40,17
6274314,M,7:26,12
6274314,M,6:48,11
6274314,M,7:37,10
6274314,M,7:27,9
6274314,M,7:10,8
6274314,M,7:25,7
6274314,M,8:23,6
6274314,M,7:26,5
6274314,M,7:17,4
6274314,M,7:10,3
6274314,M,7:21,2
6274314,M,7:38,1
6244189,F,11:16,26
6244189,F,10:30,21
6244189,F,10:30,20
6244189,F,11:26,19
6244189,F,10:53,18
6244189,F,11:06,17
6244189,F,9:43,11
6244189,F,10:50,10
6244189,F,10:22,9
6244189,F,10:55,8
6244189,F,10:13,7
6244189,F,11:43,6
6244189,F,10:05,5
6244189,F,10:02,4
6244189,F,10:09,3
6244189,F,9:55,2
6244189,F,10:13,1
6214480,M,9:55,26
6214480,M,8:25,20
6214480,M,8:44,19
6214480,M,8:07,18
6214480,M,8:35,17
6214480,M,8:38,12
6214480,M,7:20,11
6214480,M,8:06,10
6214480,M,7:56,9
6214480,M,8:12,8
6214480,M,8:01,7
6214480,M,9:01,6
6214480,M,7:59,5
6214480,M,8:06,4
6214480,M,7:46,3
6214480,M,7:44,2
6214480,M,7:55,1
6129660,F,9:23,26
6129660,F,9:23,23
6129660,F,9:28,22
6129660,F,9:06,21
6129660,F,9:09,20
6129660,F,10:08,19
6129660,F,9:22,18
6129660,F,9:34,17
6129660,F,8:44,11
6129660,F,8:41,10
6129660,F,8:40,9
6129660,F,8:40,8
6129660,F,9:01,7
6129660,F,9:34,6
6129660,F,8:58,5
6129660,F,8:43,4
6129660,F,8:56,3
6129660,F,8:48,2
6129660,F,9:12,1
6093353,M,10:41,26
6093353,M,10:19,23
6093353,M,9:41,22
6093353,M,10:35,19
6093353,M,10:16,18
6093353,M,10:35,17
6093353,M,10:42,12
6093353,M,9:47,11
6093353,M,10:20,10
6093353,M,10:09,9
6093353,M,9:48,8
6093353,M,10:17,7
6093353,M,12:05,6
6093353,M,9:27,5
6093353,M,9:27,4
6093353,M,10:02,3
6093353,M,9:31,2
6093353,M,10:11,1
6033728,M,6:32,26
6033728,M,6:43,23
6033728,M,6:33,20
6033728,M,6:46,19
6033728,M,6:27,18
6033728,M,6:44,17
6033728,M,6:11,11
6033728,M,6:19,10
6033728,M,6:19,9
6033728,M,6:14,8
6033728,M,6:23,7
6033728,M,6:59,6
6033728,M,6:10,5
6033728,M,6:10,4
6033728,M,6:11,3
6033728,M,6:10,2
6033728,M,6:01,1
5968652,M,8:23,26
5968652,M,7:55,23
5968652,M,7:54,22
5968652,M,7:37,21
5968652,M,7:33,20
5968652,M,7:41,19
5968652,M,7:31,18
5968652,M,8:00,17
5968652,M,7:09,11
5968652,M,7:26,10
5968652,M,7:34,9
5968652,M,7:35,8
5968652,M,7:40,7
5968652,M,8:08,6
5968652,M,7:41,5
5968652,M,7:39,4
5968652,M,7:38,3
5968652,M,7:46,2
5968652,M,7:43,1
5926178,M,6:41,26
5926178,M,6:45,23
5926178,M,6:48,20
5926178,M,7:16,19
5926178,M,6:57,18
5926178,M,7:10,17
5926178,M,6:46,11
5926178,M,7:01,10
5926178,M,7:05,9
5926178,M,6:57,8
5926178,M,6:54,7
5926178,M,7:53,6
5926178,M,7:13,5
5926178,M,7:10,4
5926178,M,7:13,3
5926178,M,7:05,2
5926178,M,6:59,1
5912827,M,11:13,26
5912827,M,10:26,23
5912827,M,11:05,22
5912827,M,10:59,21
5912827,M,11:06,20
5912827,M,11:01,19
5912827,M,10:49,18
5912827,M,11:11,17
5912827,M,9:29,11
5912827,M,10:05,10
5912827,M,10:02,9
5912827,M,10:34,8
5912827,M,10:50,7
5912827,M,10:51,6
5912827,M,10:26,5
5912827,M,10:17,4
5912827,M,11:10,3
5912827,M,11:07,2
5912827,M,10:55,1
5897624,M,7:41,26
5897624,M,7:32,23
5897624,M,7:38,20
5897624,M,7:39,19
5897624,M,7:33,18
5897624,M,7:59,17
5897624,M,7:49,12
5897624,M,7:23,11
5897624,M,7:53,10
5897624,M,7:50,9
5897624,M,7:40,8
5897624,M,7:36,7
5897624,M,8:20,6
5897624,M,7:45,5
5897624,M,7:40,4
5897624,M,7:43,3
5897624,M,7:41,2
5897624,M,7:30,1
5818443,M,9:25,26
5818443,M,9:50,23
5818443,M,9:35,22
5818443,M,9:10,21
5818443,M,9:11,20
5818443,M,9:43,19
5818443,M,9:26,18
5818443,M,9:31,17
5818443,M,8:31,11
5818443,M,9:15,10
5818443,M,9:20,9
5818443,M,8:47,8
5818443,M,8:50,7
5818443,M,9:35,6
5818443,M,8:43,5
5818443,M,8:43,4
5818443,M,8:35,3
5818443,M,8:35,2
5818443,M,8:32,1
5779101,,6:19,26
5779101,,6:03,23
5779101,,5:44,20
5779101,,6:05,19
5779101,,5:48,18
5779101,,6:04,17
5779101,,5:34,11
5779101,,5:52,10
5779101,,5:51,9
5779101,,5:37,8
5779101,,5:51,7
5779101,,6:33,6
5779101,,5:45,5
5779101,,5:41,4
5779101,,5:49,3
5779101,,5:55,2
5779101,,5:53,1
5765996,,16:32,26
5765996,,17:08,23
5765996,,12:55,20
5765996,,14:13,19
5765996,,13:10,18
5765996,,13:33,17
5765996,,11:46,11
5765996,,11:16,10
5765996,,11:32,9
5765996,,11:42,8
5765996,,11:19,7
5765996,,12:38,6
5765996,,11:44,5
5765996,,11:43,4
5765996,,11:10,3
5765996,,11:14,2
5765996,,11:25,1
5658740,M,12:07,26
5658740,M,11:23,23
5658740,M,9:55,19
5658740,M,9:22,18
5658740,M,9:49,17
5658740,M,9:22,12
5658740,M,8:14,11
5658740,M,8:41,10
5658740,M,9:02,9
5658740,M,9:06,8
5658740,M,8:57,7
5658740,M,9:45,6
5658740,M,9:16,5
5658740,M,9:01,4
5658740,M,9:12,3
5658740,M,9:02,2
5658740,M,9:22,1
5517895,M,7:49,26
5517895,M,7:38,23
5517895,M,7:40,22
5517895,M,7:28,21
5517895,M,7:12,20
5517895,M,7:31,19
5517895,M,7:23,18
5517895,M,7:30,17
5517895,M,7:32,12
5517895,M,7:05,11
5517895,M,7:20,10
5517895,M,7:17,9
5517895,M,7:04,8
5517895,M,7:15,7
5517895,M,7:47,6
5517895,M,7:07,5
5517895,M,7:04,4
5517895,M,7:16,3
5517895,M,7:01,2
5517895,M,7:27,1
5461292,M,8:54,26
5461292,M,8:38,21
5461292,M,8:37,20
5461292,M,9:11,19
5461292,M,8:44,18
5461292,M,8:43,17
5461292,M,7:41,11
5461292,M,8:05,10
5461292,M,8:11,9
5461292,M,8:00,8
5461292,M,8:36,7
5461292,M,8:29,6
5461292,M,7:45,5
5461292,M,7:46,4
5461292,M,7:53,3
5461292,M,7:35,2
5461292,M,7:34,1
5190757,M,9:14,26
5190757,M,8:08,21
5190757,M,7:55,20
5190757,M,8:18,19
5190757,M,7:56,18
5190757,M,8:19,17
5190757,M,7:46,12
5190757,M,6:56,11
5190757,M,7:10,10
5190757,M,7:11,9
5190757,M,7:06,8
5190757,M,7:23,7
5190757,M,8:00,6
5190757,M,7:16,5
5190757,M,7:07,4
5190757,M,7:14,3
5190757,M,7:09,2
5190757,M,7:15,1
5180360,F,13:02,26
5180360,F,12:14,23
5180360,F,12:35,22
5180360,F,11:47,19
5180360,F,11:24,18
5180360,F,10:55,17
5180360,F,9:48,12
5180360,F,9:10,11
5180360,F,9:22,10
5180360,F,9:32,9
5180360,F,9:31,8
5180360,F,9:30,7
5180360,F,9:58,6
5180360,F,9:01,5
5180360,F,9:02,4
5180360,F,9:15,3
5180360,F,9:01,2
5180360,F,9:14,1
5105435,F,11:11,26
5105435,F,11:10,23
5105435,F,10:40,20
5105435,F,10:47,19
5105435,F,10:38,18
5105435,F,10:35,17
5105435,F,9:07,12
5105435,F,8:23,11
5105435,F,8:52,10
5105435,F,8:53,9
5105435,F,8:44,8
5105435,F,8:36,7
5105435,F,9:43,6
5105435,F,8:56,5
5105435,F,8:39,4
5105435,F,9:02,3
5105435,F,8:46,2
5105435,F,7:58,1
4914357,M,7:55,11
4914357,M,8:30,6
4789169,F,8:23,26
4789169,F,8:06,23
4789169,F,7:59,20
4789169,F,8:17,19
4789169,F,7:58,18
4789169,F,8:20,17
4789169,F,8:13,12
4789169,F,9:14,11
4789169,F,10:18,10
4789169,F,9:19,9
4789169,F,9:33,8
4789169,F,9:54,7
4789169,F,11:05,6
4789169,F,9:08,5
4789169,F,9:00,4
4789169,F,9:26,3
4789169,F,8:57,2
4789169,F,9:21,1
4691631,M,9:48,26
4691631,M,9:40,23
4691631,M,9:52,22
4691631,M,9:23,21
4691631,M,9:44,20
4691631,M,9:31,19
4691631,M,9:06,18
4691631,M,9:31,17
4691631,M,8:41,12
4691631,M,7:35,11
4691631,M,8:01,10
4691631,M,8:05,9
4691631,M,7:58,8
4691631,M,8:11,7
4691631,M,8:35,6
4691631,M,8:08,5
4691631,M,8:02,4
4691631,M,8:13,3
4691631,M,8:08,2
4691631,M,8:15,1
4687151,M,7:35,26
4687151,M,7:25,23
4687151,M,7:14,20
4687151,M,7:37,19
4687151,M,7:18,18
4687151,M,7:34,17
4687151,M,7:32,12
4687151,M,6:57,11
4687151,M,7:29,10
4687151,M,7:28,9
4687151,M,7:06,8
4687151,M,7:15,7
4687151,M,8:09,6
4687151,M,7:30,5
4687151,M,7:19,4
4687151,M,7:33,3
4687151,M,7:31,2
4687151,M,7:45,1
4645117,M,8:28,26
4645117,M,8:17,20
4645117,M,9:37,19
4645117,M,9:01,18
4645117,M,9:08,17
4645117,M,9:06,12
4645117,M,8:28,11
4645117,M,8:22,10
4645117,M,8:25,9
4645117,M,8:08,8
4645117,M,8:10,7
4645117,M,9:13,6
4645117,M,8:13,5
4645117,M,8:04,4
4645117,M,8:23,3
4645117,M,7:55,2
4645117,M,8:19,1
4579013,M,7:53,26
4579013,M,7:26,21
4579013,M,7:34,20
4579013,M,7:41,19
4579013,M,7:33,18
4579013,M,7:46,17
4579013,M,7:45,12
4579013,M,7:20,11
4579013,M,7:23,10
4579013,M,7:32,9
4579013,M,7:20,8
4579013,M,7:26,7
4579013,M,8:11,6
4579013,M,7:20,5
4579013,M,7:16,4
4579013,M,7:36,3
4579013,M,7:10,2
4579013,M,7:31,1
4541029,M,11:38,11
4541029,M,12:16,10
4541029,M,11:52,9
4541029,M,11:49,8
4541029,M,11:12,7
4541029,M,13:44,6
4541029,M,10:29,5
4541029,M,10:22,4
4541029,M,10:43,3
4541029,M,9:57,2
4541029,M,9:23,1
4378678,M,9:05,26
4378678,M,9:35,23
4378678,M,11:00,20
4378678,M,10:31,19
4378678,M,8:57,18
4378678,M,9:07,17
4378678,M,7:46,11
4378678,M,8:01,10
4378678,M,7:56,9
4378678,M,7:58,8
4378678,M,8:02,7
4378678,M,8:55,6
4378678,M,8:19,5
4378678,M,8:02,4
4378678,M,8:10,3
4378678,M,7:52,2
4378678,M,8:00,1
4313830,M,8:28,26
4313830,M,7:28,20
4313830,M,7:43,19
4313830,M,7:26,18
4313830,M,7:32,17
4313830,M,6:44,11
4313830,M,7:02,10
4313830,M,7:08,9
4313830,M,7:09,8
4313830,M,7:11,7
4313830,M,7:40,6
4313830,M,7:17,5
4313830,M,7:17,4
4313830,M,7:19,3
4313830,M,7:24,2
4313830,M,7:16,1
4257338,F,10:26,26
4257338,F,10:16,19
4257338,F,9:56,18
4257338,F,10:23,17
4257338,F,9:47,11
4257338,F,10:23,10
4257338,F,10:41,9
4257338,F,10:15,8
4257338,F,10:31,7
4257338,F,12:22,6
4257338,F,10:33,5
4257338,F,10:30,4
4257338,F,10:14,3
4257338,F,9:59,2
4257338,F,9:35,1
4204955,M,15:18,26
4204955,M,13:33,20
4204955,M,16:16,19
4204955,M,14:25,18
4204955,M,12:48,17
4204955,M,10:53,12
4204955,M,10:07,11
4204955,M,10:26,10
4204955,M,10:18,9
4204955,M,10:13,8
4204955,M,10:23,7
4204955,M,11:32,6
4204955,M,10:12,5
4204955,M,10:09,4
4204955,M,10:26,3
4204955,M,10:12,2
4204955,M,10:14,1
4181295,M,8:42,23
4181295,M,8:54,18
4181295,M,8:26,11
4181295,M,8:35,10
4181295,M,8:37,9
4181295,M,8:29,8
4181295,M,8:33,7
4181295,M,9:25,6
4181295,M,8:53,5
4181295,M,8:58,4
4181295,M,8:58,3
4181295,M,8:50,2
4181295,M,8:57,1
4076336,M,13:41,26
4076336,M,12:24,23
4076336,M,11:07,22
4076336,M,9:59,21
4076336,M,10:19,20
4076336,M,12:43,19
4076336,M,10:17,18
4076336,M,9:22,17
4076336,M,8:45,12
4076336,M,7:42,11
4076336,M,8:22,10
4076336,M,8:18,9
4076336,M,8:17,8
4076336,M,7:56,7
4076336,M,8:55,6
4076336,M,7:55,5
4076336,M,7:44,4
4076336,M,7:55,3
4076336,M,8:02,2
4076336,M,8:19,1
4051420,M,8:57,26
4051420,M,9:12,23
4051420,M,9:34,22
4051420,M,8:56,21
4051420,M,8:29,20
4051420,M,9:02,19
4051420,M,8:46,18
4051420,M,8:38,17
4051420,M,7:38,11
4051420,M,7:45,10
4051420,M,8:11,9
4051420,M,8:01,8
4051420,M,7:43,7
4051420,M,8:39,6
4051420,M,7:53,5
4051420,M,7:47,4
4051420,M,7:50,3
4051420,M,7:35,2
4051420,M,7:50,1
3998316,M,10:46,26
3998316,M,9:53,23
3998316,M,9:20,22
3998316,M,9:44,21
3998316,M,10:03,20
3998316,M,10:20,19
3998316,M,9:45,18
3998316,M,9:41,17
3998316,M,9:07,12
3998316,M,8:40,11
3998316,M,8:40,10
3998316,M,8:23,9
3998316,M,8:26,8
3998316,M,8:37,7
3998316,M,9:19,6
3998316,M,8:38,5
3998316,M,8:46,4
3842668,M,7:21,26
3842668,M,7:23,21
3842668,M,7:25,20
3842668,M,7:50,19
3842668,M,7:30,18
3842668,M,7:41,17
3842668,M,7:40,12
3842668,M,7:04,11
3842668,M,7:41,10
3842668,M,7:36,9
3842668,M,7:23,8
3842668,M,7:37,7
3842668,M,8:32,6
3842668,M,7:47,5
3842668,M,7:45,4
3842668,M,7:52,3
3842668,M,8:00,2
3842668,M,8:04,1
3820804,M,9:37,26
3820804,M,8:47,20
3820804,M,9:19,19
3820804,M,9:01,18
3820804,M,9:15,17
3820804,M,8:58,12
3820804,M,8:20,11
3820804,M,8:53,10
3820804,M,8:55,9
3820804,M,8:45,8
3820804,M,9:05,7
3820804,M,9:37,6
3820804,M,8:48,5
3820804,M,8:46,4
3820804,M,8:57,3
3820804,M,8:40,2
3820804,M,9:08,1
3734312,M,8:32,26
3734312,M,8:39,23
3734312,M,8:28,20
3734312,M,8:43,19
3734312,M,8:19,18
3734312,M,8:44,17
3734312,M,8:17,12
3734312,M,7:38,11
3734312,M,7:18,10
3734312,M,7:44,9
3734312,M,7:32,8
3734312,M,7:49,7
3734312,M,8:22,6
3734312,M,7:28,5
3734312,M,7:20,4
3734312,M,7:17,3
3734312,M,7:10,2
3734312,M,6:55,1
3650122,M,7:54,26
3650122,M,7:53,23
3650122,M,7:29,20
3650122,M,7:38,19
3650122,M,7:31,18
3650122,M,7:47,17
3650122,M,7:22,11
3650122,M,7:17,10
3650122,M,7:17,9
3650122,M,7:13,8
3650122,M,7:07,7
3650122,M,7:49,6
3650122,M,7:08,5
3650122,M,6:50,4
3650122,M,6:58,3
3650122,M,6:37,2
3650122,M,6:47,1
3643266,F,10:52,26
3643266,F,11:02,19
3643266,F,9:50,18
3643266,F,10:17,17
3643266,F,9:30,11
3643266,F,9:44,10
3643266,F,9:50,9
3643266,F,9:43,8
3643266,F,9:27,7
3643266,F,10:41,6
3643266,F,10:09,5
3643266,F,9:58,4
3643266,F,10:12,3
3643266,F,9:56,2
3643266,F,9:55,1
3601923,M,8:38,11
3601923,M,8:46,9
3601923,M,8:44,7
3601923,M,9:34,6
3506886,M,9:00,26
3506886,M,8:20,20
3506886,M,8:23,19
3506886,M,7:36,18
3506886,M,7:46,17
3506886,M,7:16,12
3506886,M,6:53,11
3506886,M,6:55,10
3506886,M,7:10,9
3506886,M,7:05,8
3506886,M,7:09,7
3506886,M,7:55,6
3506886,M,7:28,5
3506886,M,7:22,4
3506886,M,7:20,3
3506886,M,7:19,2
3506886,M,7:25,1
3455132,M,9:54,26
3455132,M,10:50,20
3455132,M,12:06,19
3455132,M,12:08,18
3455132,M,12:01,17
3455132,M,9:26,11
3455132,M,10:03,10
3455132,M,9:45,9
3455132,M,9:35,8
3455132,M,9:53,7
3455132,M,11:27,6
3455132,M,9:07,5
3455132,M,8:55,4
3455132,M,9:22,3
3455132,M,9:00,2
3455132,M,9:17,1
3426869,M,9:03,26
3426869,M,9:24,23
3426869,M,9:39,22
3426869,M,9:13,21
3426869,M,8:52,20
3426869,M,8:48,19
3426869,M,8:17,18
3426869,M,8:29,17
3426869,M,7:52,12
3426869,M,7:23,11
3426869,M,7:42,10
3426869,M,7:38,9
3426869,M,7:36,8
3426869,M,7:28,7
3426869,M,8:22,6
3426869,M,7:44,5
3426869,M,7:43,4
3426869,M,8:05,3
3426869,M,7:48,2
3426869,M,7:47,1
3312463,F,9:39,26
3312463,F,9:26,23
3312463,F,9:39,22
3312463,F,9:31,21
3312463,F,9:16,20
3312463,F,9:44,19
3312463,F,9:10,18
3312463,F,9:09,17
3312463,F,8:29,11
3312463,F,8:45,10
3312463,F,8:49,9
3312463,F,8:46,8
3312463,F,8:45,7
3312463,F,9:42,6
3312463,F,8:46,5
3312463,F,8:54,4
3312463,F,9:00,3
3312463,F,8:32,2
3312463,F,8:37,1
3194682,M,17:54,26
3194682,M,14:25,20
3194682,M,15:10,19
3194682,M,14:02,18
3194682,M,14:20,17
3194682,M,12:50,12
3194682,M,11:18,11
3194682,M,11:52,10
3194682,M,11:57,9
3194682,M,11:45,8
3194682,M,11:24,7
3194682,M,12:21,6
3194682,M,11:55,5
3194682,M,11:17,4
3126093,M,9:48,26
3126093,M,10:12,23
3126093,M,9:31,20
3126093,M,9:45,19
3126093,M,8:32,12
3126093,M,7:59,11
3126093,M,7:56,10
3126093,M,7:47,9
3126093,M,7:47,8
3126093,M,7:55,7
3126093,M,8:32,6
3126093,M,8:02,5
3126093,M,7:52,4
3126093,M,7:56,3
3126093,M,7:53,2
3126093,M,8:22,1
3104874,M,8:42,26
3104874,M,7:35,20
3104874,M,7:45,19
3104874,M,7:13,18
3104874,M,7:27,17
3104874,M,7:01,12
3104874,M,6:38,11
3104874,M,6:44,10
3104874,M,6:40,9
3104874,M,6:47,8
3104874,M,6:48,7
3104874,M,7:36,6
3104874,M,6:35,5
3104874,M,6:26,4
3104874,M,6:31,3
3104874,M,5:59,2
3104874,M,5:44,1
2961486,M,9:47,26
2961486,M,9:07,21
2961486,M,9:27,20
2961486,M,9:41,19
2961486,M,9:19,18
2961486,M,9:24,17
2961486,M,8:42,11
2961486,M,9:08,10
2961486,M,9:10,9
2961486,M,8:55,8
2961486,M,9:05,7
2961486,M,9:26,6
2961486,M,9:08,5
2961486,M,8:58,4
2961486,M,8:44,3
2961486,M,8:50,2
2961486,M,8:56,1
2897146,M,10:23,26
2897146,M,9:28,23
2897146,M,8:55,20
2897146,M,9:44,19
2897146,M,8:13,18
2897146,M,8:26,17
2897146,M,8:02,12
2897146,M,7:32,11
2897146,M,7:59,10
2897146,M,7:56,9
2897146,M,7:39,8
2897146,M,7:41,7
2897146,M,8:35,6
2897146,M,7:41,5
2897146,M,7:41,4
2897146,M,7:44,3
2897146,M,7:50,2
2897146,M,7:38,1
2859876,F,9:58,26
2859876,F,10:10,23
2859876,F,9:53,22
2859876,F,9:35,21
2859876,F,9:35,20
2859876,F,9:52,19
2859876,F,9:10,18
2859876,F,9:38,17
2859876,F,9:34,12
2859876,F,9:02,11
2859876,F,9:10,10
2859876,F,9:08,9
2859876,F,8:58,8
2859876,F,8:56,7
2859876,F,9:56,6
2859876,F,8:50,5
2859876,F,8:43,4
2859876,F,9:02,3
2859876,F,8:52,2
2859876,F,8:47,1
2768037,F,10:27,26
2768037,F,9:57,20
2768037,F,10:00,19
2768037,F,10:19,18
2768037,F,10:15,17
2768037,F,10:50,11
2768037,F,11:44,10
2768037,F,10:47,9
2768037,F,11:10,8
2768037,F,11:21,7
2768037,F,10:56,6
2768037,F,11:24,5
2768037,F,10:47,4
2768037,F,11:09,3
2768037,F,10:50,2
2768037,F,10:50,1
2647115,M,9:49,26
2647115,M,9:44,20
2647115,M,9:29,19
2647115,M,9:38,18
2647115,M,9:38,17
2647115,M,9:23,11
2647115,M,9:10,10
2647115,M,9:21,9
2647115,M,9:20,8
2647115,M,9:23,7
2647115,M,9:41,6
2647115,M,9:25,5
2647115,M,9:28,4
2647115,M,9:26,3
2647115,M,9:24,2
2647115,M,9:19,1
2575162,F,9:06,26
2575162,F,8:28,20
2575162,F,8:28,19
2575162,F,7:58,18
2575162,F,8:26,17
2575162,F,7:35,11
2575162,F,7:32,10
2575162,F,7:47,9
2575162,F,7:12,8
2575162,F,7:34,7
2575162,F,8:29,6
2575162,F,7:31,5
2575162,F,7:20,4
2575162,F,7:19,3
2575162,F,7:13,2
2575162,F,7:28,1
2534356,F,9:22,26
2534356,F,9:05,21
2534356,F,8:49,20
2534356,F,8:59,19
2534356,F,8:56,18
2534356,F,9:13,17
2534356,F,9:42,12
2534356,F,9:14,11
2534356,F,9:29,10
2534356,F,9:32,9
2534356,F,9:34,8
2534356,F,9:32,7
2534356,F,10:17,6
2534356,F,9:22,5
2534356,F,9:08,4
2534356,F,9:20,3
2534356,F,9:07,2
2534356,F,9:12,1
2417742,M,11:07,26
2417742,M,9:56,23
2417742,M,10:14,20
2417742,M,10:07,19
2417742,M,10:37,18
2417742,M,10:25,17
2417742,M,10:03,11
2417742,M,10:44,10
2417742,M,11:46,9
2417742,M,11:47,8
2417742,M,11:44,7
2417742,M,11:56,6
2417742,M,11:05,5
2417742,M,11:26,4
2417742,M,11:16,3
2417742,M,10:53,2
2417742,M,10:55,1
2409053,M,9:25,26
2409053,M,8:22,20
2409053,M,8:37,19
2409053,M,8:28,18
2409053,M,8:26,17
2409053,M,7:20,11
2409053,M,7:54,10
2409053,M,7:53,9
2409053,M,7:46,8
2409053,M,7:53,7
2409053,M,9:02,6
2409053,M,8:07,5
2409053,M,7:58,4
2409053,M,8:11,3
2409053,M,7:47,2
2409053,M,8:05,1
2391771,M,10:11,26
2391771,M,9:03,21
2391771,M,9:04,20
2391771,M,9:32,19
2391771,M,9:14,18
2391771,M,9:31,17
2391771,M,9:06,12
2391771,M,8:13,11
2391771,M,8:27,10
2391771,M,8:34,9
2391771,M,8:29,8
2391771,M,8:39,7
2391771,M,9:40,6
2391771,M,8:11,5
2391771,M,8:44,4
2391771,M,9:41,3
2391771,M,8:59,2
2391771,M,9:52,1
2361519,M,7:26,26
2361519,M,6:49,23
2361519,M,6:47,20
2361519,M,6:46,19
2361519,M,6:26,18
2361519,M,6:50,17
2361519,M,6:31,11
2361519,M,6:38,10
2361519,M,6:35,9
2361519,M,6:23,8
2361519,M,6:32,7
2361519,M,6:46,6
2361519,M,6:37,5
2361519,M,6:36,4
2361519,M,6:36,3
2361519,M,6:44,2
2361519,M,6:31,1
2280211,M,12:15,26
2280211,M,11:42,23
2280211,M,11:52,19
2280211,M,10:47,18
2280211,M,11:25,17
2280211,M,10:21,12
2280211,M,9:25,11
2280211,M,9:58,10
2280211,M,9:54,9
2280211,M,10:08,8
2280211,M,10:00,7
2280211,M,10:53,6
2280211,M,10:13,5
2280211,M,9:53,4
2280211,M,9:57,3
2280211,M,9:54,2
2280211,M,10:07,1
2268140,M,13:20,26
2268140,M,8:54,23
2268140,M,12:37,22
2268140,M,9:04,21
2268140,M,11:43,20
2268140,M,14:49,19
2268140,M,12:26,18
2268140,M,12:32,17
2268140,M,12:05,12
2268140,M,11:01,11
2268140,M,11:32,10
2268140,M,9:54,9
2268140,M,10:01,8
2268140,M,9:56,7
2268140,M,13:04,6
2268140,M,10:08,5
2268140,M,9:48,4
2268140,M,10:45,3
2268140,M,9:10,2
2268140,M,9:36,1
2220347,M,9:45,26
2220347,M,10:09,23
2220347,M,10:52,22
2220347,M,10:39,19
2220347,M,10:06,18
2220347,M,11:26,17
2220347,M,10:20,11
2220347,M,10:40,10
2220347,M,10:23,9
2220347,M,10:20,8
2220347,M,10:02,7
2220347,M,10:49,6
2220347,M,10:09,5
2220347,M,9:53,4
2220347,M,10:37,3
2220347,M,10:20,2
2220347,M,10:20,1
2194702,M,10:36,26
2194702,M,8:46,23
2194702,M,8:15,22
2194702,M,7:43,21
2194702,M,7:26,20
2194702,M,7:40,19
2194702,M,7:26,18
2194702,M,7:50,17
2194702,M,8:04,12
2194702,M,7:28,11
2194702,M,7:40,10
2194702,M,7:43,9
2194702,M,7:35,8
2194702,M,7:39,7
2194702,M,8:26,6
2194702,M,7:42,5
2194702,M,7:31,4
2194702,M,7:50,3
2194702,M,7:40,2
2194702,M,7:34,1
2137140,M,9:17,26
2137140,M,9:33,23
2137140,M,9:08,20
2137140,M,9:53,19
2137140,M,9:16,18
2137140,M,9:14,17
2137140,M,8:59,12
2137140,M,8:20,11
2137140,M,8:31,10
2137140,M,8:47,9
2137140,M,8:29,8
2137140,M,8:28,7
2137140,M,9:24,6
2137140,M,8:37,5
2137140,M,8:35,4
2137140,M,8:25,3
2137140,M,8:11,2
2137140,M,8:22,1
2073243,F,13:24,26
2073243,F,11:48,20
2073243,F,9:28,19
2073243,F,9:32,18
2073243,F,10:41,17
2073243,F,9:22,11
2073243,F,9:55,10
2073243,F,10:29,9
2073243,F,9:41,8
2073243,F,9:53,7
2073243,F,10:36,6
2073243,F,9:41,5
2073243,F,9:40,4
2073243,F,9:46,3
2073243,F,9:28,2
2073243,F,9:44,1
2064151,M,16:02,26
2064151,M,16:35,19
2064151,M,16:21,18
2064151,M,15:38,17
2064151,M,9:37,11
2064151,M,9:25,10
2064151,M,9:26,9
2064151,M,9:30,8
2064151,M,9:25,7
2064151,M,10:02,6
2064151,M,9:29,5
2064151,M,9:16,4
2064151,M,9:24,3
2064151,M,9:07,2
2064151,M,9:04,1
1833988,M,7:58,26
1833988,M,7:45,23
1833988,M,7:44,20
1833988,M,7:54,19
1833988,M,7:36,18
1833988,M,7:37,17
1833988,M,7:37,11
1833988,M,7:44,10
1833988,M,7:47,9
1833988,M,7:46,8
1833988,M,7:47,7
1833988,M,8:05,6
1833988,M,8:02,5
1833988,M,7:50,4
1833988,M,8:03,3
1833988,M,7:56,2
1833988,M,8:01,1
1763583,M,8:32,26
1763583,M,8:14,20
1763583,M,8:16,19
1763583,M,8:07,18
1763583,M,8:17,17
1763583,M,7:44,11
1763583,M,8:02,10
1763583,M,8:04,9
1763583,M,8:08,8
1763583,M,8:03,7
1763583,M,8:31,6
1763583,M,8:15,5
1763583,M,8:10,4
1763583,M,8:11,3
1763583,M,8:17,2
1763583,M,8:33,1
1735545,M,7:16,26
1735545,M,7:21,23
1735545,M,7:16,20
1735545,M,7:30,19
1735545,M,7:22,18
1735545,M,7:26,17
1735545,M,6:43,11
1735545,M,7:11,10
1735545,M,7:11,9
1735545,M,7:05,8
1735545,M,7:09,7
1735545,M,7:59,6
1735545,M,7:11,5
1735545,M,7:04,4
1735545,M,7:03,3
1735545,M,7:08,2
1735545,M,7:33,1
1721026,M,12:45,26
1721026,M,9:42,23
1721026,M,10:43,22
1721026,M,12:16,19
1721026,M,11:28,18
1721026,M,11:50,17
1721026,M,10:08,11
1721026,M,10:55,10
1721026,M,10:46,9
1721026,M,10:56,8
1721026,M,10:04,7
1721026,M,11:26,6
1721026,M,9:31,5
1721026,M,9:16,4
1721026,M,10:04,3
1721026,M,9:15,2
1721026,M,9:44,1
1709376,M,7:02,26
1709376,M,6:38,23
1709376,M,6:25,20
1709376,M,7:01,19
1709376,M,6:59,18
1709376,M,7:11,17
1709376,M,6:30,11
1709376,M,6:47,10
1709376,M,6:52,9
1709376,M,6:56,8
1709376,M,6:43,7
1709376,M,7:28,6
1709376,M,6:55,5
1709376,M,6:44,4
1709376,M,6:48,3
1709376,M,6:45,2
1709376,M,6:50,1
1684648,M,7:07,26
1684648,M,6:40,23
1684648,M,6:58,19
1684648,M,6:37,18
1684648,M,6:35,17
1684648,M,6:35,12
1684648,M,6:17,11
1684648,M,6:35,10
1684648,M,6:43,9
1684648,M,6:34,8
1684648,M,6:35,7
1684648,M,7:00,6
1684648,M,6:46,5
1684648,M,6:43,4
1684648,M,6:39,3
1684648,M,6:38,2
1684648,M,6:41,1
1614193,M,7:01,26
1614193,M,6:37,23
1614193,M,6:56,19
1614193,M,6:40,18
1614193,M,6:41,17
1614193,M,6:33,12
1614193,M,6:19,11
1614193,M,6:34,10
1614193,M,6:44,9
1614193,M,6:36,8
1614193,M,6:30,7
1614193,M,7:05,6
1614193,M,6:49,5
1614193,M,6:47,4
1614193,M,6:44,3
1614193,M,6:34,2
1614193,M,6:44,1
1561009,M,12:48,26
1561009,M,10:16,23
1561009,M,12:38,20
1561009,M,13:53,19
1561009,M,12:40,18
1561009,M,13:04,17
1561009,M,11:01,12
1561009,M,10:23,11
1561009,M,10:14,10
1561009,M,10:07,9
1561009,M,10:18,8
1561009,M,10:00,7
1561009,M,11:11,6
1561009,M,10:45,5
1561009,M,10:06,4
1561009,M,9:55,3
1561009,M,9:21,2
1561009,M,9:13,1
1344393,F,9:42,26
1344393,F,9:28,23
1344393,F,9:46,22
1344393,F,9:30,21
1344393,F,9:38,20
1344393,F,9:49,19
1344393,F,9:13,18
1344393,F,9:31,17
1344393,F,9:37,12
1344393,F,8:55,11
1344393,F,9:20,10
1344393,F,9:11,9
1344393,F,9:15,8
1344393,F,9:03,7
1344393,F,10:00,6
1344393,F,8:57,5
1344393,F,8:41,4
1344393,F,9:14,3
1344393,F,8:47,2
1344393,F,8:50,1
1236693,M,10:44,26
1236693,M,11:26,20
1236693,M,11:32,19
1236693,M,10:38,18
1236693,M,11:33,17
1236693,M,8:49,11
1236693,M,9:46,10
1236693,M,9:05,9
1236693,M,9:19,8
1236693,M,8:49,7
1236693,M,9:57,6
1236693,M,8:21,5
1236693,M,8:23,4
1236693,M,8:38,3
1236693,M,8:05,2
1236693,M,8:17,1
1141587,M,8:26,26
1141587,M,8:43,23
1141587,M,7:48,20
1141587,M,7:37,19
1141587,M,7:09,18
1141587,M,7:26,17
1141587,M,6:42,11
1141587,M,6:50,10
1141587,M,6:55,9
1141587,M,6:49,8
1141587,M,6:43,7
1141587,M,7:26,6
1141587,M,6:49,5
1141587,M,6:53,4
1141587,M,7:04,3
1141587,M,6:53,2
1141587,M,6:52,1
1025710,M,9:43,26
1025710,M,8:43,20
1025710,M,9:05,19
1025710,M,8:18,18
1025710,M,8:39,17
1025710,M,7:19,11
1025710,M,7:28,10
1025710,M,7:10,9
1025710,M,7:07,8
1025710,M,7:06,7
1025710,M,7:44,6
1025710,M,6:41,5
1025710,M,6:46,4
1025710,M,6:45,3
1025710,M,6:31,2
1025710,M,6:41,1
1023632,M,7:03,26
1023632,M,6:46,23
1023632,M,7:05,20
1023632,M,7:25,19
1023632,M,6:55,18
1023632,M,7:20,17
1023632,M,6:55,11
1023632,M,6:52,10
1023632,M,6:51,9
1023632,M,6:44,8
1023632,M,6:50,7
1023632,M,7:37,6
1023632,M,7:01,5
1023632,M,6:58,4
1023632,M,7:03,3
1023632,M,6:46,2
1023632,M,7:22,1
971769,M,9:00,26
971769,M,7:37,23
971769,M,7:37,22
971769,M,7:03,21
971769,M,7:07,20
971769,M,7:19,19
971769,M,6:57,18
971769,M,7:17,17
971769,M,7:29,12
971769,M,6:44,11
971769,M,7:19,10
971769,M,7:08,9
971769,M,7:04,8
971769,M,7:04,7
971769,M,8:05,6
971769,M,7:12,5
971769,M,6:57,4
971769,M,7:13,3
971769,M,6:58,2
971769,M,7:25,1
902913,M,7:20,26
902913,M,6:55,23
902913,M,6:47,20
902913,M,6:58,19
902913,M,6:39,18
902913,M,6:56,17
902913,M,6:25,11
902913,M,6:29,10
902913,M,6:34,9
902913,M,6:22,8
902913,M,6:29,7
902913,M,7:10,6
902913,M,6:20,5
902913,M,6:17,4
902913,M,6:21,3
902913,M,6:12,2
902913,M,6:02,1
871933,M,9:03,26
871933,M,8:53,23
871933,M,9:02,22
871933,M,9:01,21
871933,M,8:31,20
871933,M,8:53,19
871933,M,8:31,18
871933,M,8:49,17
871933,M,8:43,12
871933,M,7:52,11
871933,M,8:29,10
871933,M,8:21,9
871933,M,8:18,8
871933,M,8:04,7
871933,M,9:07,6
871933,M,8:17,5
871933,M,7:54,4
871933,M,8:19,3
871933,M,7:46,2
871933,M,8:04,1
810579,F,11:24,26
810579,F,10:07,23
810579,F,10:13,22
810579,F,9:49,21
810579,F,9:47,20
810579,F,10:17,19
810579,F,9:43,18
810579,F,10:15,17
810579,F,8:59,11
810579,F,9:36,10
810579,F,9:47,9
810579,F,9:37,8
810579,F,9:42,7
810579,F,10:47,6
810579,F,9:36,5
810579,F,9:26,4
810579,F,9:43,3
810579,F,9:29,2
810579,F,9:40,1
794257,M,9:04,26
794257,M,9:13,23
794257,M,9:40,20
794257,M,9:51,19
794257,M,9:25,18
794257,M,9:46,17
794257,M,8:49,11
794257,M,8:52,10
794257,M,9:02,9
794257,M,9:10,8
794257,M,8:49,7
794257,M,9:26,6
794257,M,8:53,5
794257,M,8:41,4
794257,M,8:56,3
794257,M,8:50,2
794257,M,9:23,1
792107,M,12:29,26
792107,M,9:14,23
792107,M,9:44,20
792107,M,11:17,19
792107,M,10:24,18
792107,M,9:16,17
792107,M,8:15,12
792107,M,7:41,11
792107,M,8:10,10
792107,M,8:11,9
792107,M,8:00,8
792107,M,8:15,7
792107,M,8:53,6
792107,M,8:22,5
792107,M,8:08,4
792107,M,8:13,3
792107,M,8:11,2
792107,M,8:33,1
765775,M,9:39,26
765775,M,9:04,20
765775,M,9:44,19
765775,M,9:19,18
765775,M,9:28,17
765775,M,8:21,11
765775,M,8:47,10
765775,M,8:56,9
765775,M,9:04,8
765775,M,9:08,7
765775,M,9:48,6
765775,M,9:11,5
765775,M,9:00,4
765775,M,9:13,3
765775,M,9:10,2
765775,M,9:14,1
722961,M,8:16,26
722961,M,8:31,23
722961,M,8:30,20
722961,M,8:52,19
722961,M,8:56,18
722961,M,8:49,17
722961,M,8:40,12
722961,M,8:14,11
722961,M,8:16,10
722961,M,8:24,9
722961,M,8:32,8
722961,M,8:32,7
722961,M,9:13,6
722961,M,8:17,5
722961,M,8:21,4
722961,M,8:26,3
722961,M,8:17,2
722961,M,8:57,1
615060,M,5:39,26
615060,M,5:44,23
615060,M,5:35,20
615060,M,5:38,19
615060,M,5:13,18
615060,M,5:34,17
615060,M,5:06,11
615060,M,5:30,10
615060,M,5:41,9
615060,M,5:43,8
615060,M,5:42,7
615060,M,6:13,6
615060,M,5:41,5
615060,M,5:41,4
615060,M,5:50,3
615060,M,5:53,2
615060,M,5:55,1
567614,M,11:02,26
567614,M,13:03,19
567614,M,11:51,18
567614,M,12:04,17
567614,M,11:04,12
567614,M,9:41,11
567614,M,9:55,10
567614,M,9:50,9
567614,M,9:53,8
567614,M,9:45,7
567614,M,10:47,6
567614,M,9:39,5
567614,M,9:34,4
567614,M,9:53,3
567614,M,9:26,2
567614,M,9:04,1
519518,M,8:28,26
519518,M,16:08,23
519518,M,8:02,20
519518,M,8:29,19
519518,M,8:07,18
519518,M,8:14,17
519518,M,8:14,12
519518,M,7:23,11
519518,M,7:38,10
519518,M,7:42,9
519518,M,7:40,8
519518,M,7:54,7
519518,M,8:28,6
519518,M,7:58,5
519518,M,7:47,4
519518,M,7:52,3
519518,M,7:40,2
519518,M,7:46,1
431174,M,8:46,26
431174,M,8:41,21
431174,M,7:59,20
431174,M,8:20,19
431174,M,7:35,18
431174,M,8:02,17
431174,M,7:57,12
431174,M,7:13,11
431174,M,7:32,10
431174,M,7:21,9
431174,M,7:31,8
431174,M,7:16,7
431174,M,8:14,6
431174,M,7:42,5
431174,M,7:29,4
431174,M,7:31,3
431174,M,7:23,2
431174,M,7:32,1
386801,,8:18,26
386801,,8:29,23
386801,,8:04,20
386801,,8:32,19
386801,,8:00,18
386801,,8:04,17
386801,,8:46,12
386801,,8:26,11
386801,,8:47,10
386801,,8:36,9
386801,,8:38,8
386801,,8:26,7
386801,,9:23,6
386801,,8:14,5
386801,,8:19,4
386801,,8:42,3
386801,,8:22,2
386801,,8:41,1
370471,M,12:34,26
370471,M,10:52,21
370471,M,10:58,20
370471,M,13:50,19
370471,M,18:25,18
370471,M,14:14,17
370471,M,11:11,12
370471,M,9:52,11
370471,M,10:09,10
370471,M,9:44,9
370471,M,9:52,8
370471,M,9:29,7
370471,M,10:57,6
370471,M,9:15,5
370471,M,8:58,4
370471,M,9:25,3
370471,M,8:59,2
370471,M,9:21,1
367086,M,8:41,26
367086,M,7:46,21
367086,M,8:10,20
367086,M,8:16,19
367086,M,8:02,18
367086,M,8:16,17
367086,M,8:13,12
367086,M,7:39,11
367086,M,7:55,10
367086,M,8:03,9
367086,M,8:02,8
367086,M,8:11,7
367086,M,8:49,6
367086,M,8:13,5
367086,M,8:09,4
367086,M,8:16,3
367086,M,8:21,2
367086,M,8:29,1
354016,M,12:08,26
354016,M,10:35,23
354016,M,10:34,22
354016,M,11:16,19
354016,M,10:26,18
354016,M,10:33,17
354016,M,9:25,11
354016,M,9:48,10
354016,M,9:36,9
354016,M,9:44,8
354016,M,9:37,7
354016,M,10:37,6
354016,M,9:29,5
354016,M,9:16,4
354016,M,9:15,3
354016,M,8:53,2
354016,M,9:31,1
334296,M,9:59,26
334296,M,10:23,19
334296,M,9:40,18
334296,M,10:08,17
334296,M,9:02,11
334296,M,9:26,10
334296,M,9:29,9
334296,M,9:17,8
334296,M,9:01,7
334296,M,10:08,6
334296,M,9:10,5
334296,M,8:47,4
334296,M,9:03,3
334296,M,8:41,2
334296,M,8:51,1
307645,M,9:16,26
307645,M,8:58,23
307645,M,9:17,22
307645,M,9:02,21
307645,M,8:56,20
307645,M,9:08,19
307645,M,8:52,18
307645,M,8:47,17
307645,M,9:07,12
307645,M,8:29,11
307645,M,8:45,10
307645,M,8:53,9
307645,M,8:53,8
307645,M,8:40,7
307645,M,9:28,6
307645,M,8:49,5
307645,M,8:38,4
307645,M,8:56,3
307645,M,8:46,2
307645,M,8:41,1
294893,M,18:23,26
294893,M,14:08,23
294893,M,13:58,19
294893,M,13:44,18
294893,M,12:44,17
294893,M,12:52,12
294893,M,12:25,11
294893,M,11:47,10
294893,M,11:16,9
294893,M,11:07,8
294893,M,10:49,7
294893,M,13:16,6
294893,M,12:50,5
294893,M,12:53,4
294893,M,13:30,3
294893,M,11:53,2
294893,M,10:59,1
263275,M,9:42,26
263275,M,8:36,20
263275,M,8:57,19
263275,M,8:50,18
263275,M,9:11,17
263275,M,8:28,12
263275,M,7:16,11
263275,M,8:09,10
263275,M,8:31,9
263275,M,8:20,8
263275,M,8:28,7
263275,M,9:08,6
263275,M,8:16,5
263275,M,8:14,4
263275,M,8:36,3
263275,M,8:26,2
194735,M,7:08,26
194735,M,7:17,23
194735,M,7:04,20
194735,M,7:02,19
194735,M,7:02,18
194735,M,7:17,17
194735,M,7:13,12
194735,M,6:48,11
194735,M,7:10,10
194735,M,7:04,9
194735,M,7:01,8
194735,M,7:11,7
194735,M,7:43,6
194735,M,7:31,5
194735,M,7:07,4
194735,M,7:19,3
194735,M,7:18,2
194735,M,7:37,1
176059,M,9:27,26
176059,M,9:20,23
176059,M,8:16,20
176059,M,8:38,19
176059,M,8:20,18
176059,M,8:31,17
176059,M,8:01,11
176059,M,8:16,10
176059,M,8:50,9
176059,M,8:26,8
176059,M,8:22,7
176059,M,8:48,6
176059,M,8:33,5
176059,M,8:38,4
176059,M,8:44,3
176059,M,8:42,2
176059,M,8:53,1
163195,M,12:48,26
163195,M,12:16,23
163195,M,12:33,22
163195,M,13:03,21
163195,M,12:26,20
163195,M,12:53,19
163195,M,12:09,18
163195,M,12:38,17
163195,M,9:43,12
163195,M,9:08,11
163195,M,9:23,10
163195,M,9:51,9
163195,M,9:08,8
163195,M,9:23,7
163195,M,10:08,6
163195,M,8:43,5
163195,M,8:50,4
163195,M,8:48,3
163195,M,8:45,2
163195,M,8:50,1
155470,M,9:05,26
155470,M,9:16,23
155470,M,9:43,19
155470,M,9:05,18
155470,M,9:36,17
155470,M,8:23,11
155470,M,9:15,10
155470,M,9:17,9
155470,M,9:12,8
155470,M,9:03,7
155470,M,9:45,6
155470,M,9:25,5
155470,M,9:07,4
155470,M,9:23,3
155470,M,9:23,2
155470,M,9:30,1
149395,M,12:35,26
149395,M,12:52,23
149395,M,11:15,20
149395,M,11:36,19
149395,M,10:54,18
149395,M,11:26,17
149395,M,10:59,11
149395,M,11:23,10
149395,M,10:58,9
149395,M,10:44,8
149395,M,10:56,7
149395,M,12:47,6
149395,M,11:17,5
149395,M,11:26,4
149395,M,11:41,3
149395,M,10:59,2
149395,M,11:10,1
135076,M,11:37,26
135076,M,11:16,19
135076,M,11:01,18
135076,M,11:15,17
135076,M,10:37,12
135076,M,10:25,11
135076,M,10:16,10
135076,M,10:10,9
135076,M,10:26,8
135076,M,10:28,7
135076,M,10:55,6
135076,M,10:11,5
135076,M,10:24,4
135076,M,10:40,3
135076,M,10:11,2
135076,M,10:21,1
129595,F,10:03,26
129595,F,9:34,20
129595,F,9:42,19
129595,F,9:11,18
129595,F,9:44,17
129595,F,7:56,11
129595,F,8:28,10
129595,F,8:23,9
129595,F,8:13,8
129595,F,8:12,7
129595,F,9:12,6
129595,F,8:01,5
129595,F,7:53,4
129595,F,8:04,3
129595,F,7:47,2
129595,F,7:37,1
107158,M,11:17,19
107158,M,8:15,12
107158,M,7:41,11
107158,M,8:10,10
107158,M,8:11,9
107158,M,8:00,8
107158,M,8:15,7
107158,M,8:53,6
107158,M,8:22,5
107158,M,8:08,4
107158,M,8:13,3
107158,M,8:11,2
107158,M,8:33,1
78080,M,10:05,26
78080,M,10:02,19
78080,M,9:32,18
78080,M,9:35,17
78080,M,9:14,11
78080,M,9:17,10
78080,M,9:48,9
78080,M,9:25,8
78080,M,9:23,7
78080,M,10:25,6
78080,M,9:59,5
78080,M,9:55,4
78080,M,10:02,3
78080,M,9:44,2
78080,M,10:07,1
69210,M,11:44,26
69210,M,11:29,23
69210,M,11:29,22
69210,M,11:14,21
69210,M,10:35,20
69210,M,12:07,19
69210,M,11:26,18
69210,M,11:17,17
69210,M,11:16,11
69210,M,10:40,10
69210,M,10:38,9
69210,M,11:24,8
69210,M,10:31,7
69210,M,11:03,6
69210,M,10:50,5
69210,M,10:25,4
69210,M,10:36,3
69210,M,10:29,2
69210,M,10:16,1
12171,M,13:05,26
12171,M,12:55,21
12171,M,13:23,20
12171,M,12:20,19
12171,M,12:09,18
12171,M,12:56,17
12171,M,11:43,11
12171,M,11:53,10
12171,M,11:07,9
12171,M,10:59,8
12171,M,10:58,7
12171,M,11:43,6
12171,M,11:02,5
12171,M,10:44,4
12171,M,11:20,3
12171,M,10:30,2
12171,M,10:28,1
